"Tract ID","STATE2KX","CNTY2KX","TRACT2KX","e(0)","se(e(0))","Abridged life table flag"
25001010100,25,001,010100,78.7,1.561,3
25001010206,25,001,010206,82.2,2.2168,3
25001010304,25,001,010304,79,2.2124,3
25001010306,25,001,010306,80.3,1.7483,3
25001010400,25,001,010400,82.2,1.4437,3
25001010500,25,001,010500,81.9,1.3901,3
25001010600,25,001,010600,80.6,1.1637,3
25001010700,25,001,010700,80.2,1.7431,3
25001010800,25,001,010800,79.4,1.177,3
25001010900,25,001,010900,81.3,1.971,3
25001011002,25,001,011002,77,1.0273,3
25001011100,25,001,011100,79.3,1.2483,3
25001011200,25,001,011200,80.3,1.357,3
25001011300,25,001,011300,78.8,1.7843,3
25001011400,25,001,011400,81.4,0.9469,2
25001011500,25,001,011500,84.1,1.9576,3
25001011600,25,001,011600,75.8,1.416,3
25001011700,25,001,011700,79.9,3.5607,3
25001011801,25,001,011801,84.9,2.2065,3
25001011802,25,001,011802,79.5,1.3706,2
25001012001,25,001,012001,80.5,1.1772,3
25001012002,25,001,012002,76.4,1.8422,3
25001012101,25,001,012101,78.4,1.7085,3
25001012102,25,001,012102,77.2,1.3245,3
25001012200,25,001,012200,84.4,2.2158,3
25001012502,25,001,012502,81.5,2.2096,3
25001012601,25,001,012601,79,1.3224,3
25001012602,25,001,012602,74.9,1.4753,3
25001012700,25,001,012700,79.3,1.4014,3
25001012900,25,001,012900,81,1.5039,3
25001013002,25,001,013002,84.3,1.4398,3
25001013100,25,001,013100,81.9,1.4298,3
25001013200,25,001,013200,83.4,1.7221,3
25001013300,25,001,013300,82.4,1.6033,3
25001013400,25,001,013400,83.7,1.6524,3
25001013500,25,001,013500,83.6,1.538,3
25001013600,25,001,013600,78.7,1.2032,3
25001013800,25,001,013800,83.3,2.2081,3
25001013900,25,001,013900,80.5,1.1322,3
25001014002,25,001,014002,87.3,2.676,3
25001014402,25,001,014402,81.4,1.9022,3
25001014500,25,001,014500,80.5,1.4123,3
25001014600,25,001,014600,81,1.2325,3
25001014700,25,001,014700,79.8,1.2517,3
25001014800,25,001,014800,75.5,1.4447,3
25001014900,25,001,014900,84.3,1.3227,3
25001015001,25,001,015001,80.7,1.4999,3
25001015002,25,001,015002,79,1.6588,3
25001015100,25,001,015100,81.3,1.9749,3
25001015200,25,001,015200,79.9,3.4978,3
25001015300,25,001,015300,69.9,3.8187,3
25003900100,25,003,900100,71,1.7416,3
25003900200,25,003,900200,73.1,2.2603,3
25003900300,25,003,900300,73.9,1.7957,3
25003900400,25,003,900400,80.9,1.7782,3
25003900500,25,003,900500,75.9,1.0459,3
25003900600,25,003,900600,74.3,1.7035,3
25003900700,25,003,900700,75,1.3869,3
25003900800,25,003,900800,82.6,1.3061,3
25003900900,25,003,900900,81.1,2.3195,3
25003901100,25,003,901100,79.5,1.4395,3
25003911100,25,003,911100,86.6,3.1043,3
25003912100,25,003,912100,80.4,1.2525,3
25003913100,25,003,913100,82.8,1.2784,3
25003914100,25,003,914100,79.2,1.2594,3
25003920101,25,003,920101,83.1,1.227,3
25003920102,25,003,920102,81.8,0.9397,2
25003921300,25,003,921300,76.2,1.3397,3
25003921400,25,003,921400,76.6,2.4451,3
25003921500,25,003,921500,79.2,1.9488,3
25003922100,25,003,922100,75.4,1.854,3
25003922200,25,003,922200,78.5,1.0716,3
25003922300,25,003,922300,80.3,1.6511,3
25003923100,25,003,923100,82.1,2.0787,3
25003925100,25,003,925100,80.6,1.2374,3
25003926100,25,003,926100,86.3,3.1681,3
25003931100,25,003,931100,78.1,2.3414,3
25003931300,25,003,931300,84.4,2.8387,3
25003931400,25,003,931400,86.1,2.821,3
25003932200,25,003,932200,82.4,2.48,3
25003932300,25,003,932300,80.9,2.2563,3
25003933200,25,003,933200,80.7,0.9445,2
25003933300,25,003,933300,87.5,3.2831,3
25003933400,25,003,933400,83.6,2.3952,3
25003934200,25,003,934200,82.4,2.0043,3
25003934300,25,003,934300,83.1,2.5623,3
25003935100,25,003,935100,82.4,0.7422,2
25003935200,25,003,935200,83.5,2.0919,3
25003935300,25,003,935300,78.1,1.3557,3
25005600100,25,005,600100,79.3,1.2546,3
25005600202,25,005,600202,80.2,1.3349,3
25005600203,25,005,600203,80.1,1.1542,3
25005600204,25,005,600204,80.3,2.1047,3
25005610100,25,005,610100,78.2,1.1777,3
25005610202,25,005,610202,83.1,2.8705,3
25005610203,25,005,610203,82.4,1.7897,3
25005610204,25,005,610204,78.4,1.9728,3
25005611101,25,005,611101,79.5,1.6211,3
25005611102,25,005,611102,80.6,2.1357,3
25005611201,25,005,611201,79.6,2.0021,3
25005611202,25,005,611202,79.2,1.1268,3
25005612100,25,005,612100,81.3,1.5393,3
25005612200,25,005,612200,79.9,0.8793,3
25005613100,25,005,613100,79.4,1.7332,3
25005613300,25,005,613300,79.9,1.2771,3
25005613400,25,005,613400,78.3,1.3493,3
25005613600,25,005,613600,78.3,1.7794,3
25005613700,25,005,613700,77.1,1.3149,3
25005613800,25,005,613800,74.4,1.543,3
25005613901,25,005,613901,77.9,1.7794,3
25005613902,25,005,613902,83.7,2.7468,3
25005614000,25,005,614000,77.3,1.6593,3
25005614101,25,005,614101,77.5,1.1239,2
25005614102,25,005,614102,78.7,1.4286,1
25005615100,25,005,615100,83.1,1.4496,3
25005617101,25,005,617101,83.2,2.526,3
25005617102,25,005,617102,81.3,2.3082,3
25005630101,25,005,630101,78.2,1.9831,2
25005630102,25,005,630102,74.7,1.3014,3
25005630200,25,005,630200,79.6,3.7609,3
25005630300,25,005,630300,80,1.3847,3
25005630400,25,005,630400,81.2,1.6127,3
25005631100,25,005,631100,80.3,1.4391,3
25005631200,25,005,631200,80,1.4772,3
25005631300,25,005,631300,79.5,1.7154,3
25005631400,25,005,631400,73.5,2.0957,3
25005631500,25,005,631500,77.9,1.6285,3
25005631600,25,005,631600,75.4,1.2677,3
25005631700,25,005,631700,77.9,1.2529,3
25005631800,25,005,631800,79.4,1.3104,3
25005632100,25,005,632100,83.7,1.4449,3
25005632200,25,005,632200,80.7,1.0334,3
25005633100,25,005,633100,83.6,2.1514,3
25005633200,25,005,633200,81.6,1.5989,3
25005640100,25,005,640100,78.2,2.4312,3
25005640200,25,005,640200,75.9,1.4284,3
25005640300,25,005,640300,82.2,2.6978,3
25005640400,25,005,640400,77.5,1.5627,3
25005640500,25,005,640500,74.2,1.5076,2
25005640600,25,005,640600,74.8,1.3572,3
25005640700,25,005,640700,80.2,2.0036,3
25005640800,25,005,640800,80.6,2.4338,3
25005640901,25,005,640901,76.4,1.6078,3
25005641000,25,005,641000,75.6,2.0997,3
25005641101,25,005,641101,69.5,2.4369,3
25005641200,25,005,641200,74.5,1.9431,3
25005641300,25,005,641300,78.2,2.3043,3
25005641400,25,005,641400,77.4,2.9931,3
25005641500,25,005,641500,72.8,2.6015,3
25005641600,25,005,641600,76.2,1.7804,3
25005641700,25,005,641700,75.9,1.1041,3
25005641800,25,005,641800,77.1,1.2733,2
25005641900,25,005,641900,71.8,1.8159,3
25005642000,25,005,642000,74.5,1.4161,2
25005642200,25,005,642200,72.9,1.2528,1
25005642300,25,005,642300,80.8,1.2809,3
25005642400,25,005,642400,79.1,2.1483,3
25005642500,25,005,642500,79.1,1.1961,3
25005644101,25,005,644101,80.4,1.0102,3
25005644102,25,005,644102,81.9,1.9362,3
25005644200,25,005,644200,78.8,1.347,3
25005645101,25,005,645101,79.2,1.5181,3
25005645102,25,005,645102,80.7,1.4615,2
25005645103,25,005,645103,80.1,1.2208,3
25005646101,25,005,646101,80.6,1.613,3
25005646103,25,005,646103,80.5,1.3988,3
25005646104,25,005,646104,82.1,2.1519,3
25005650101,25,005,650101,76.7,1.2638,3
25005650102,25,005,650102,80.9,1.6701,3
25005650201,25,005,650201,80.4,1.8446,3
25005650202,25,005,650202,79.9,1.7472,3
25005650300,25,005,650300,78.4,1.567,3
25005650400,25,005,650400,76.4,2.4214,3
25005650500,25,005,650500,80.2,2.2561,3
25005650600,25,005,650600,81,2.6078,3
25005650700,25,005,650700,68.1,2.3681,1
25005650800,25,005,650800,74.9,1.8948,3
25005650900,25,005,650900,78,2.0484,3
25005651001,25,005,651001,77.5,1.6169,3
25005651002,25,005,651002,76.8,1.8189,3
25005651100,25,005,651100,75.3,1.5911,3
25005651200,25,005,651200,77.5,3.5748,2
25005651300,25,005,651300,77.5,1.1414,2
25005651400,25,005,651400,73.8,1.3961,3
25005651500,25,005,651500,80.5,2.0086,3
25005651600,25,005,651600,78.8,2.6198,3
25005651700,25,005,651700,75.7,2.0075,3
25005651800,25,005,651800,69.6,2.9355,3
25005651900,25,005,651900,74.7,2.0411,3
25005652000,25,005,652000,74.2,1.8649,3
25005652100,25,005,652100,77.4,1.325,2
25005652200,25,005,652200,80.2,1.5556,3
25005652300,25,005,652300,77.9,1.8243,3
25005652400,25,005,652400,80.2,2.2673,3
25005652500,25,005,652500,76.7,2.6488,3
25005652600,25,005,652600,73.4,2.8365,3
25005652700,25,005,652700,73.3,1.7576,3
25005652800,25,005,652800,81.8,1.7611,3
25005653101,25,005,653101,81.6,1.5617,3
25005653102,25,005,653102,79.3,2.0105,2
25005653203,25,005,653203,81,1.0715,3
25005653204,25,005,653204,80.1,1.3697,3
25005653301,25,005,653301,82,0.8938,2
25005653304,25,005,653304,83.1,1.9841,3
25005654100,25,005,654100,83.2,1.5772,3
25005654200,25,005,654200,81.8,1.6695,3
25005655100,25,005,655100,79.3,1.3673,3
25005655200,25,005,655200,77.8,1.3936,3
25005655300,25,005,655300,78,1.1836,3
25005655400,25,005,655400,80.2,1.5943,3
25005985600,25,005,985600,81.4,1.548,2
25007200100,25,007,200100,79.2,1.0004,3
25007200200,25,007,200200,81.1,1.0527,2
25007200300,25,007,200300,84.1,3.3267,3
25007200400,25,007,200400,80.7,1.3975,2
25009201100,25,009,201100,82.3,1.5056,3
25009202101,25,009,202101,84.9,2.4203,3
25009202102,25,009,202102,82.9,1.2721,3
25009202200,25,009,202200,84.4,1.2523,3
25009203100,25,009,203100,81.4,1.7627,3
25009203200,25,009,203200,87.3,1.996,3
25009203301,25,009,203301,90.2,3.6202,3
25009203302,25,009,203302,83.4,1.5711,3
25009204101,25,009,204101,83.8,2.1453,3
25009204102,25,009,204102,82,1.1809,3
25009204200,25,009,204200,76.5,1.4567,3
25009204300,25,009,204300,83.1,3.3124,3
25009204500,25,009,204500,81.1,2.1147,3
25009204600,25,009,204600,82.6,2.2759,3
25009204701,25,009,204701,81.1,1.6703,3
25009204702,25,009,204702,78.3,1.8191,3
25009205100,25,009,205100,78.7,1.2172,3
25009205200,25,009,205200,77.7,1.3159,3
25009205300,25,009,205300,78.8,1.3503,3
25009205400,25,009,205400,80.6,1.0883,3
25009205500,25,009,205500,81.7,2.3887,3
25009205600,25,009,205600,78.8,1.7854,3
25009205700,25,009,205700,79.9,1.4604,3
25009205800,25,009,205800,78.8,1.4403,2
25009205900,25,009,205900,79.7,1.7471,3
25009206000,25,009,206000,78.5,3.224,3
25009206100,25,009,206100,75.6,1.1765,2
25009206200,25,009,206200,81.4,3.828,3
25009206300,25,009,206300,78.9,1.8117,3
25009206400,25,009,206400,77.4,1.3632,3
25009206500,25,009,206500,74.2,2.0047,3
25009206600,25,009,206600,79.8,1.1306,2
25009206700,25,009,206700,76.7,1.4189,3
25009206800,25,009,206800,76.7,2.391,3
25009206900,25,009,206900,76.5,1.8352,3
25009207000,25,009,207000,76,1.7977,3
25009207100,25,009,207100,76.2,2.1372,3
25009207200,25,009,207200,77.6,1.9917,3
25009208101,25,009,208101,80.5,1.4393,3
25009208102,25,009,208102,78.7,1.6002,3
25009208200,25,009,208200,78.8,1.625,3
25009208300,25,009,208300,79.3,1.3435,3
25009208400,25,009,208400,84,1.8574,3
25009209100,25,009,209100,82.9,1.5717,3
25009209200,25,009,209200,83.9,3.1129,1
25009210100,25,009,210100,81.5,1.7924,3
25009210200,25,009,210200,82.4,1.5274,3
25009210300,25,009,210300,79.1,0.9939,3
25009210400,25,009,210400,84.9,2.134,3
25009210500,25,009,210500,80.9,1.2125,3
25009210600,25,009,210600,81,1.4922,3
25009210700,25,009,210700,77.6,1.9407,3
25009210800,25,009,210800,79.3,1.2879,3
25009210900,25,009,210900,78.9,1.3758,3
25009211100,25,009,211100,79.9,1.0873,3
25009211200,25,009,211200,83.4,1.6549,3
25009211300,25,009,211300,79.8,0.9722,3
25009211401,25,009,211401,78.1,1.7421,3
25009211402,25,009,211402,82.3,1.6333,3
25009212100,25,009,212100,82.3,2.4425,3
25009214100,25,009,214100,84.5,1.187,3
25009215101,25,009,215101,85.9,2.0966,3
25009215102,25,009,215102,84.3,2.3007,3
25009216100,25,009,216100,82,0.8118,2
25009217100,25,009,217100,81.5,1.0968,3
25009217201,25,009,217201,81.6,1.5679,3
25009217202,25,009,217202,79.2,1.2949,3
25009217300,25,009,217300,76.5,1.6946,3
25009217400,25,009,217400,76.4,1.5776,3
25009217500,25,009,217500,79.4,1.2725,3
25009217600,25,009,217600,82,0.6708,2
25009218100,25,009,218100,87.3,2.6106,3
25009220101,25,009,220101,82,1.398,3
25009220102,25,009,220102,85.7,2.405,3
25009221100,25,009,221100,83.3,1.6614,3
25009221300,25,009,221300,82.4,2.0245,3
25009221400,25,009,221400,77.1,1.307,2
25009221500,25,009,221500,76.1,1.7643,3
25009221600,25,009,221600,77.2,1.3174,3
25009221700,25,009,221700,78.5,2.2692,3
25009221800,25,009,221800,77.4,1.5943,3
25009221901,25,009,221901,82.8,1.7493,3
25009221902,25,009,221902,82.3,2.3524,3
25009222100,25,009,222100,82.4,1.7864,3
25009223100,25,009,223100,84.8,2.134,3
25009223200,25,009,223200,83.2,2.2262,3
25009223300,25,009,223300,82.5,2.3978,3
25009250100,25,009,250100,76.6,1.1364,2
25009250200,25,009,250200,79.1,1.2289,2
25009250300,25,009,250300,76.6,3.84,2
25009250400,25,009,250400,76.6,1.3859,2
25009250600,25,009,250600,80.4,1.0199,3
25009250700,25,009,250700,82.6,3.7308,1
25009250800,25,009,250800,81.4,2.0589,1
25009250900,25,009,250900,76.6,1.7116,2
25009251000,25,009,251000,76.6,2.6551,2
25009251100,25,009,251100,76.6,0.9812,2
25009251200,25,009,251200,77.7,1.9438,2
25009251300,25,009,251300,76.6,2.3169,2
25009251400,25,009,251400,79.4,2.1158,3
25009251500,25,009,251500,81.6,3.3934,1
25009251600,25,009,251600,78.9,2.0252,3
25009251700,25,009,251700,77.7,1.7008,3
25009251800,25,009,251800,81.8,1.5277,3
25009252101,25,009,252101,79.8,1.6589,3
25009252102,25,009,252102,82.2,1.6754,3
25009252201,25,009,252201,80.4,1.0456,2
25009252202,25,009,252202,82.7,2.6444,3
25009252300,25,009,252300,75.4,1.1795,3
25009252400,25,009,252400,77.7,1.6244,3
25009252501,25,009,252501,80.2,1.3941,3
25009252502,25,009,252502,79.2,1.0822,3
25009252601,25,009,252601,84,1.5222,3
25009252602,25,009,252602,82.7,1.6052,3
25009252603,25,009,252603,78.9,1.0732,3
25009253100,25,009,253100,81.8,1.5047,3
25009253201,25,009,253201,78.6,1.2705,3
25009253202,25,009,253202,83,1.9292,3
25009253203,25,009,253203,83.3,1.6367,3
25009253204,25,009,253204,82.5,1.5714,3
25009253205,25,009,253205,80.5,1.8736,3
25009254100,25,009,254100,84,1.4664,3
25009254200,25,009,254200,83.8,1.675,3
25009254301,25,009,254301,82.6,2.1465,3
25009254302,25,009,254302,82.6,1.4172,3
25009254401,25,009,254401,83,1.277,3
25009254402,25,009,254402,87.3,3.0764,1
25009254403,25,009,254403,83.2,1.8159,3
25009260100,25,009,260100,76.9,2.7374,3
25009260200,25,009,260200,73.5,1.273,3
25009260301,25,009,260301,78.3,1.4543,3
25009260302,25,009,260302,79.3,2.6625,3
25009260401,25,009,260401,82.4,1.8512,3
25009260402,25,009,260402,85.8,3.2171,3
25009260500,25,009,260500,74.7,1.0549,3
25009260600,25,009,260600,77.4,1.5102,2
25009260700,25,009,260700,79.2,1.3382,3
25009260800,25,009,260800,82.3,2.9999,1
25009260900,25,009,260900,80,2.4862,3
25009261000,25,009,261000,80.6,2.176,3
25009261101,25,009,261101,81.1,1.6873,3
25009261102,25,009,261102,81.7,1.9674,3
25009262100,25,009,262100,82,1.2412,2
25009263100,25,009,263100,88.6,3.2435,3
25009264100,25,009,264100,81.6,1.4834,3
25009265101,25,009,265101,84.5,2.9004,3
25009265102,25,009,265102,79.5,1.5507,3
25009266100,25,009,266100,83.5,1.7045,3
25009266200,25,009,266200,76.7,1.785,3
25009266300,25,009,266300,80.1,1.4318,3
25009266400,25,009,266400,80.9,2.4542,3
25009267101,25,009,267101,76.2,1.123,3
25009267102,25,009,267102,81.2,3.0318,3
25009268100,25,009,268100,79.4,3.394,3
25009268200,25,009,268200,80,1.1122,3
25009268300,25,009,268300,82,2.2112,3
25009268400,25,009,268400,81.1,2.0041,3
25009269100,25,009,269100,82.4,1.5424,2
25009270100,25,009,270100,81.7,1.3299,3
25011040100,25,011,040100,84,1.3696,3
25011040200,25,011,040200,81.1,1.4715,3
25011040300,25,011,040300,81.5,1.872,3
25011040400,25,011,040400,81.6,1.4455,3
25011040501,25,011,040501,76.9,2.1588,3
25011040502,25,011,040502,78.2,1.4969,2
25011040600,25,011,040600,86.6,1.8257,3
25011040701,25,011,040701,78.7,1.4022,3
25011040702,25,011,040702,83.4,2.5167,3
25011040800,25,011,040800,84.7,1.9737,3
25011040900,25,011,040900,82.3,1.4603,3
25011041000,25,011,041000,79.2,1.5721,3
25011041100,25,011,041100,80.4,1.3203,3
25011041200,25,011,041200,79.6,1.3973,3
25011041300,25,011,041300,76.1,1.4518,3
25011041400,25,011,041400,73.1,1.5098,3
25011041501,25,011,041501,85.5,2.2675,3
25011041502,25,011,041502,82.9,1.5996,3
25013800101,25,013,800101,74.4,3.8134,3
25013800102,25,013,800102,75.5,1.9853,3
25013800201,25,013,800201,77.7,2.0503,3
25013800202,25,013,800202,74,2.0224,3
25013800300,25,013,800300,75.9,1.3345,3
25013800400,25,013,800400,74.9,1.6577,3
25013800500,25,013,800500,78.5,1.0719,2
25013800600,25,013,800600,76.6,3.1269,2
25013800700,25,013,800700,75.6,1.5932,1
25013800800,25,013,800800,76.4,2.1646,3
25013800900,25,013,800900,75.5,1.4478,1
25013801101,25,013,801101,70.3,2.2676,3
25013801102,25,013,801102,76.8,2.3947,3
25013801200,25,013,801200,75.7,2.979,3
25013801300,25,013,801300,76.2,2.1629,3
25013801401,25,013,801401,73.9,2.1591,3
25013801402,25,013,801402,73.9,1.5298,3
25013801501,25,013,801501,76.5,1.3238,1
25013801502,25,013,801502,79.2,2.7139,3
25013801503,25,013,801503,77.5,1.8003,3
25013801601,25,013,801601,78.5,1.277,3
25013801602,25,013,801602,77.6,0.9595,2
25013801603,25,013,801603,77.5,1.5477,3
25013801604,25,013,801604,81.1,1.7126,3
25013801605,25,013,801605,77.7,1.5194,3
25013801700,25,013,801700,75.6,1.0527,2
25013801800,25,013,801800,76.2,2.2332,3
25013801901,25,013,801901,75.6,2.5475,2
25013801902,25,013,801902,75,2.4594,3
25013802000,25,013,802000,76.3,2.0948,2
25013802100,25,013,802100,79.7,1.3418,3
25013802200,25,013,802200,74.5,1.5956,3
25013802300,25,013,802300,75.8,1.538,1
25013802400,25,013,802400,80.9,1.5974,3
25013802500,25,013,802500,80.3,1.2697,3
25013802601,25,013,802601,79.1,1.2665,3
25013802602,25,013,802602,81.2,1.7774,3
25013810100,25,013,810100,76.6,1.3654,3
25013810200,25,013,810200,81,2.1454,3
25013810300,25,013,810300,78.9,1.3015,3
25013810403,25,013,810403,78.3,1.33,3
25013810404,25,013,810404,81.9,1.4261,3
25013810412,25,013,810412,83,1.6663,3
25013810414,25,013,810414,83.8,2.3078,3
25013810601,25,013,810601,78.3,1.7826,3
25013810602,25,013,810602,79.7,1.1721,2
25013810700,25,013,810700,79,1.4086,3
25013810800,25,013,810800,79,1.5612,3
25013810901,25,013,810901,71.8,1.9282,3
25013810902,25,013,810902,81,1.2276,3
25013811000,25,013,811000,80.3,1.5131,3
25013811101,25,013,811101,74.9,1.2643,3
25013811102,25,013,811102,77.2,1.6349,3
25013811200,25,013,811200,79.9,1.4879,3
25013811301,25,013,811301,78.8,1.5009,3
25013811302,25,013,811302,78.6,1.2172,3
25013811400,25,013,811400,79.8,3.6579,3
25013811600,25,013,811600,76.9,3.7702,1
25013811700,25,013,811700,78.5,2.872,3
25013811800,25,013,811800,76.8,2.4722,1
25013811900,25,013,811900,81.1,1.2991,3
25013812001,25,013,812001,76.1,1.4429,3
25013812002,25,013,812002,74.1,1.3677,1
25013812101,25,013,812101,80.5,1.2934,3
25013812103,25,013,812103,77.6,1.6539,3
25013812104,25,013,812104,77.6,1.1183,3
25013812201,25,013,812201,78,1.544,1
25013812202,25,013,812202,76.3,1.3508,3
25013812300,25,013,812300,78.4,2.5753,1
25013812401,25,013,812401,84.6,1.5063,3
25013812403,25,013,812403,79.7,1.5791,3
25013812404,25,013,812404,77.8,1.6896,3
25013812500,25,013,812500,80.7,1.2783,3
25013812600,25,013,812600,80.5,1.4076,3
25013812701,25,013,812701,79.7,1.6776,3
25013812702,25,013,812702,73.7,1.6104,3
25013812800,25,013,812800,78.9,0.9179,1
25013812901,25,013,812901,82,1.7519,3
25013812902,25,013,812902,80.2,1.205,3
25013813000,25,013,813000,82,0.992,3
25013813101,25,013,813101,83.3,2.3421,3
25013813102,25,013,813102,81.1,1.6945,3
25013813204,25,013,813204,80.5,1.459,3
25013813205,25,013,813205,80.3,1.0625,3
25013813206,25,013,813206,80.7,1.642,3
25013813207,25,013,813207,75.7,1.5302,3
25013813208,25,013,813208,80.4,2.4456,3
25013813209,25,013,813209,79.9,1.0315,3
25013813301,25,013,813301,84.6,1.8375,3
25013813303,25,013,813303,84.3,1.2251,3
25013813304,25,013,813304,83.7,1.8672,3
25013813401,25,013,813401,81,1.0741,3
25013813403,25,013,813403,79.9,1.2881,3
25013813404,25,013,813404,81.5,1.0956,3
25013813500,25,013,813500,81,1.6289,3
25013813601,25,013,813601,82.7,1.1816,3
25013813602,25,013,813602,82.5,1.3991,3
25013813701,25,013,813701,77.7,1.1747,3
25013813702,25,013,813702,84.2,2.2958,3
25013813801,25,013,813801,82.3,1.937,3
25013813802,25,013,813802,81.3,2.2737,3
25015820101,25,015,820101,79,1.4707,3
25015820102,25,015,820102,75.4,1.4592,3
25015820202,25,015,820202,81.8,0.7792,2
25015820203,25,015,820203,81.4,1.4246,3
25015820204,25,015,820204,81.6,2.1232,3
25015820300,25,015,820300,82.1,1.6592,3
25015820700,25,015,820700,87.4,3.032,3
25015820801,25,015,820801,83.5,2.1851,3
25015820900,25,015,820900,82.7,2.5528,3
25015821000,25,015,821000,80.8,1.2086,3
25015821100,25,015,821100,79.9,1.1997,2
25015821300,25,015,821300,83.5,1.3839,3
25015821400,25,015,821400,83.7,1.4672,3
25015821500,25,015,821500,79,1.1831,3
25015821601,25,015,821601,77.5,1.3413,3
25015821602,25,015,821602,76.6,1.0455,3
25015821700,25,015,821700,80.7,1.5633,3
25015821901,25,015,821901,84.5,2.3566,3
25015821903,25,015,821903,79.3,1.8911,3
25015821904,25,015,821904,81.5,1.4515,2
25015822200,25,015,822200,81.2,1.2858,3
25015822401,25,015,822401,82.1,1.8578,3
25015822402,25,015,822402,79.8,1.1265,3
25015822500,25,015,822500,82.1,1.9135,3
25015822601,25,015,822601,77.2,1.8012,3
25015822603,25,015,822603,83.5,1.5534,3
25015822605,25,015,822605,81.5,1.6613,2
25015822606,25,015,822606,86.3,2.1841,3
25015822700,25,015,822700,91.4,3.6197,3
25017300100,25,017,300100,80.2,2.4062,1
25017301101,25,017,301101,81.4,2.2494,3
25017301102,25,017,301102,79.1,1.3831,3
25017310100,25,017,310100,74.3,1.5818,3
25017310200,25,017,310200,78.2,1.2425,2
25017310300,25,017,310300,76,1.2337,3
25017310400,25,017,310400,76.9,3.0512,3
25017310500,25,017,310500,79.4,2.6297,3
25017310601,25,017,310601,79.4,1.3902,3
25017310602,25,017,310602,75.5,1.3797,3
25017310700,25,017,310700,76.2,1.1546,2
25017311200,25,017,311200,75.3,3.0558,3
25017311300,25,017,311300,77.3,1.4116,3
25017311400,25,017,311400,80.8,2.0884,3
25017311500,25,017,311500,80.8,2.4001,3
25017311600,25,017,311600,80.3,1.4085,3
25017311700,25,017,311700,78.8,2.8278,3
25017311800,25,017,311800,74.5,1.4798,2
25017311900,25,017,311900,73.6,2.0256,3
25017312000,25,017,312000,76.4,2.0194,3
25017312100,25,017,312100,77.6,1.7114,3
25017312200,25,017,312200,77.4,1.4763,3
25017312300,25,017,312300,79.2,1.9075,3
25017312400,25,017,312400,74.7,1.9276,3
25017312501,25,017,312501,78.7,1.249,3
25017312502,25,017,312502,81.5,1.1965,3
25017313101,25,017,313101,83.4,3.0811,3
25017313102,25,017,313102,77.8,1.7446,3
25017314101,25,017,314101,78.6,1.3361,3
25017314102,25,017,314102,79.6,1.2346,3
25017314200,25,017,314200,78.1,1.1685,3
25017314301,25,017,314301,80.6,1.4066,3
25017314302,25,017,314302,80.5,1.4492,3
25017315100,25,017,315100,81.6,1.4851,3
25017315200,25,017,315200,79.8,0.8791,3
25017315401,25,017,315401,78.8,1.8632,3
25017315402,25,017,315402,80.6,1.7071,2
25017315403,25,017,315403,77.6,1.3511,3
25017315500,25,017,315500,81,2.1907,1
25017316101,25,017,316101,79,1.7343,3
25017316102,25,017,316102,84.8,2.5103,3
25017316201,25,017,316201,78.9,1.2714,3
25017316202,25,017,316202,82,2.1958,3
25017316300,25,017,316300,80.7,1.5366,3
25017316400,25,017,316400,80.6,1.5432,3
25017316500,25,017,316500,82.7,1.7053,3
25017317101,25,017,317101,79.4,0.9946,3
25017317102,25,017,317102,77,1.3792,3
25017317103,25,017,317103,81.1,1.1302,3
25017317201,25,017,317201,84.1,2.185,3
25017317203,25,017,317203,80.2,1.1572,3
25017317301,25,017,317301,80.5,1.8318,3
25017317302,25,017,317302,85.6,3.011,3
25017318100,25,017,318100,87,3.8712,3
25017318200,25,017,318200,79.9,1.3331,3
25017318400,25,017,318400,79.6,1.1484,3
25017320102,25,017,320102,80.3,1.4479,3
25017320103,25,017,320103,83.7,2.7376,3
25017320104,25,017,320104,85.7,2.1516,3
25017321100,25,017,321100,80.7,1.1696,3
25017321200,25,017,321200,83.6,1.9094,3
25017321300,25,017,321300,78.5,1.357,3
25017321400,25,017,321400,77.1,1.1006,3
25017321500,25,017,321500,78.8,1.3989,1
25017321600,25,017,321600,82,1.3255,3
25017322100,25,017,322100,83.5,1.8104,3
25017322200,25,017,322200,86.8,3.6491,3
25017322300,25,017,322300,81.3,1.6259,3
25017322400,25,017,322400,79.5,1.249,3
25017323100,25,017,323100,86.8,3.0749,3
25017324101,25,017,324101,88.9,2.3609,3
25017324102,25,017,324102,87.9,3.8717,3
25017325100,25,017,325100,79.7,1.4184,2
25017326101,25,017,326101,79.8,1.6994,3
25017326102,25,017,326102,86.7,2.5749,3
25017327101,25,017,327101,80.9,2.3914,3
25017327102,25,017,327102,81.5,3.0073,3
25017327103,25,017,327103,80.7,1.4026,3
25017328100,25,017,328100,82.4,1.2485,2
25017330100,25,017,330100,83.2,1.7181,3
25017330200,25,017,330200,81.1,1.0999,3
25017331101,25,017,331101,80.8,1.6756,3
25017331102,25,017,331102,81.4,1.2877,3
25017331200,25,017,331200,79.6,1.6287,3
25017331300,25,017,331300,83.7,2.0281,3
25017332100,25,017,332100,81.3,1.286,3
25017332200,25,017,332200,80.9,0.9829,3
25017332300,25,017,332300,81.6,2.039,3
25017332400,25,017,332400,81.6,1.5616,3
25017333100,25,017,333100,82,1.1061,3
25017333200,25,017,333200,82.8,1.9466,3
25017333300,25,017,333300,80.3,1.9127,3
25017333400,25,017,333400,77.7,0.8687,3
25017333501,25,017,333501,82.7,1.4946,3
25017333502,25,017,333502,78.9,1.9915,3
25017333600,25,017,333600,79,1.1698,3
25017334100,25,017,334100,82.7,1.3253,3
25017334200,25,017,334200,82.5,1.4962,3
25017334300,25,017,334300,85.2,1.5374,3
25017334400,25,017,334400,82.4,1.7055,3
25017335100,25,017,335100,79.9,1.0226,3
25017335200,25,017,335200,81.1,0.9213,2
25017335301,25,017,335301,80.3,1.4906,3
25017335302,25,017,335302,80.9,1.4656,3
25017335400,25,017,335400,79.7,1.3034,3
25017336100,25,017,336100,81.4,1.142,3
25017336200,25,017,336200,84.4,1.5778,3
25017336300,25,017,336300,80.8,0.9688,3
25017336401,25,017,336401,82.7,2.146,3
25017336402,25,017,336402,79.5,1.3326,3
25017337101,25,017,337101,82.6,2.0343,3
25017337102,25,017,337102,81.6,1.2481,3
25017337201,25,017,337201,82.3,1.3424,3
25017337202,25,017,337202,81.1,1.6289,3
25017337300,25,017,337300,82.8,2.1899,3
25017338100,25,017,338100,83,1.5515,3
25017338200,25,017,338200,83.6,1.7232,3
25017338300,25,017,338300,81.9,1.0281,2
25017338400,25,017,338400,87.1,2.0688,3
25017338500,25,017,338500,82.4,1.6413,3
25017339100,25,017,339100,80.7,1.1359,3
25017339200,25,017,339200,80.6,1.1149,3
25017339300,25,017,339300,79.5,1.2541,3
25017339400,25,017,339400,78.7,1.7971,3
25017339500,25,017,339500,79.8,1.4258,3
25017339600,25,017,339600,82.1,1.6671,3
25017339700,25,017,339700,80.6,1.7067,3
25017339801,25,017,339801,82.1,1.9935,3
25017339802,25,017,339802,79.5,1.4244,3
25017339900,25,017,339900,80.5,1.4908,3
25017340000,25,017,340000,81.4,2.5764,3
25017340100,25,017,340100,80.4,1.2634,1
25017341101,25,017,341101,81.3,1.6511,3
25017341102,25,017,341102,77.8,1.2719,3
25017341200,25,017,341200,81.9,1.6226,3
25017341300,25,017,341300,81.3,2.6047,3
25017341400,25,017,341400,79.8,1.8136,3
25017341500,25,017,341500,82.2,2.138,3
25017341600,25,017,341600,82.8,2.7372,3
25017341700,25,017,341700,81.5,2.4856,3
25017341800,25,017,341800,76.9,1.246,1
25017341901,25,017,341901,81,3.6317,3
25017341902,25,017,341902,79.5,1.3964,3
25017342101,25,017,342101,77.4,1.3618,3
25017342102,25,017,342102,81.9,2.2138,3
25017342201,25,017,342201,83.7,2.4129,3
25017342202,25,017,342202,76.3,1.8052,3
25017342300,25,017,342300,81.1,1.401,3
25017342400,25,017,342400,80.7,2.0601,3
25017342500,25,017,342500,79.1,1.4909,3
25017342600,25,017,342600,80,1.7378,3
25017350103,25,017,350103,82,2.3017,3
25017350104,25,017,350104,77.8,1.3271,3
25017350200,25,017,350200,81.5,2.1632,3
25017350300,25,017,350300,79.8,2.2406,3
25017350400,25,017,350400,82.2,2.439,3
25017350500,25,017,350500,83.4,2.9322,3
25017350700,25,017,350700,80.8,2.1007,3
25017350800,25,017,350800,81.3,1.9527,2
25017350900,25,017,350900,81.2,2.5682,3
25017351000,25,017,351000,81.5,1.485,2
25017351100,25,017,351100,79.3,1.2175,3
25017351203,25,017,351203,81.4,2.2802,3
25017351204,25,017,351204,79.4,2.8212,3
25017351300,25,017,351300,78.3,1.7594,3
25017351403,25,017,351403,78.3,1.6825,3
25017351404,25,017,351404,80.3,2.3689,3
25017351500,25,017,351500,78.8,1.8165,3
25017352102,25,017,352102,85.2,2.6654,3
25017352300,25,017,352300,81.9,1.8543,3
25017352400,25,017,352400,78.4,3.2888,2
25017352500,25,017,352500,81.2,2.8988,2
25017352600,25,017,352600,80.1,1.7453,2
25017352700,25,017,352700,72.7,2.5395,3
25017352800,25,017,352800,77.9,1.7635,3
25017352900,25,017,352900,81.3,1.6758,2
25017353000,25,017,353000,79.3,2.2831,3
25017353200,25,017,353200,81.6,1.6895,2
25017353300,25,017,353300,85.9,3.1173,3
25017353400,25,017,353400,79.9,2.7994,3
25017353500,25,017,353500,82.6,2.9395,3
25017353600,25,017,353600,85.5,2.9472,3
25017353700,25,017,353700,80.7,1.0364,2
25017353800,25,017,353800,79.7,1.5621,3
25017353900,25,017,353900,80.1,2.4128,2
25017354000,25,017,354000,81.5,1.3458,2
25017354100,25,017,354100,84.7,2.6835,3
25017354200,25,017,354200,89.6,2.2549,3
25017354300,25,017,354300,83,1.6874,3
25017354400,25,017,354400,85.1,2.9067,3
25017354500,25,017,354500,81.5,1.4465,2
25017354600,25,017,354600,83.7,1.8638,3
25017354700,25,017,354700,82,1.3877,3
25017354800,25,017,354800,82.5,2.5242,3
25017354900,25,017,354900,82.8,1.9199,3
25017355000,25,017,355000,83.3,1.9354,3
25017356100,25,017,356100,83.3,1.6952,3
25017356300,25,017,356300,83.8,2.4819,3
25017356400,25,017,356400,82.7,1.314,3
25017356500,25,017,356500,84.3,1.724,3
25017356601,25,017,356601,82.3,1.8331,3
25017356602,25,017,356602,83.1,1.6778,3
25017356701,25,017,356701,82.7,1.16,3
25017356702,25,017,356702,87.7,2.1793,3
25017357100,25,017,357100,84.6,1.5502,3
25017357200,25,017,357200,87.2,2.7166,3
25017357300,25,017,357300,81.7,1.355,3
25017357400,25,017,357400,81.5,0.8504,2
25017357500,25,017,357500,81.6,1.4612,3
25017357600,25,017,357600,81,1.9833,3
25017357700,25,017,357700,81.6,1.4405,3
25017357800,25,017,357800,85.8,1.8108,3
25017358100,25,017,358100,83.9,1.3249,3
25017358300,25,017,358300,84.5,1.3096,3
25017358400,25,017,358400,89.1,1.7737,3
25017358500,25,017,358500,85.5,1.524,3
25017358600,25,017,358600,88.1,2.6215,3
25017358700,25,017,358700,89.3,2.3423,3
25017359100,25,017,359100,81.1,1.0344,3
25017359300,25,017,359300,82.8,1.3145,3
25017360200,25,017,360200,91.4,2.8542,3
25017361100,25,017,361100,81.9,1.1045,3
25017361200,25,017,361200,81.2,0.7894,2
25017363102,25,017,363102,82.7,1.5714,3
25017363104,25,017,363104,85.3,2.4794,3
25017363201,25,017,363201,82,1.4707,2
25017363202,25,017,363202,82,1.7034,2
25017364101,25,017,364101,85.4,2.5355,3
25017364102,25,017,364102,80.3,1.4305,3
25017365100,25,017,365100,85.8,2.0377,3
25017365201,25,017,365201,82.2,1.027,3
25017365202,25,017,365202,83.4,1.3713,3
25017366100,25,017,366100,82,1.0069,3
25017366201,25,017,366201,83.9,1.7659,3
25017366202,25,017,366202,86.4,1.4157,3
25017367100,25,017,367100,82.4,1.0839,3
25017367200,25,017,367200,83.7,1.0954,3
25017368101,25,017,368101,85.4,2.2689,3
25017368102,25,017,368102,81.5,1.0336,2
25017368200,25,017,368200,81.7,1.3009,3
25017368300,25,017,368300,83.8,2.7781,3
25017368400,25,017,368400,83.5,1.8222,3
25017368500,25,017,368500,80.9,3.5722,3
25017368600,25,017,368600,81.7,1.8718,2
25017368700,25,017,368700,81.2,3.7818,3
25017368800,25,017,368800,81.7,0.6945,2
25017368901,25,017,368901,81.3,1.1095,2
25017368902,25,017,368902,87.3,3.5905,3
25017369000,25,017,369000,81.4,1.4218,2
25017369100,25,017,369100,83,1.3244,3
25017370101,25,017,370101,81.3,1.4852,3
25017370102,25,017,370102,81.4,1.2171,3
25017370201,25,017,370201,82.7,1.4816,3
25017370202,25,017,370202,83.2,1.6675,3
25017370300,25,017,370300,80.6,1.4434,3
25017370400,25,017,370400,82.7,1.7149,3
25017373100,25,017,373100,85.9,2.6913,3
25017373200,25,017,373200,84.7,1.6655,3
25017373300,25,017,373300,80.3,3.3877,3
25017373400,25,017,373400,84.4,1.8006,3
25017373500,25,017,373500,88.8,1.9837,3
25017373600,25,017,373600,81.3,1.1074,2
25017373700,25,017,373700,84.4,1.6512,3
25017373800,25,017,373800,94.2,2.5995,3
25017373900,25,017,373900,87.4,1.6143,3
25017374000,25,017,374000,85,1.1981,3
25017374100,25,017,374100,83,1.4327,3
25017374200,25,017,374200,83.9,1.6922,3
25017374300,25,017,374300,86,1.8037,3
25017374500,25,017,374500,84.5,1.496,3
25017374600,25,017,374600,81.2,1.3179,3
25017374700,25,017,374700,82.7,1.5763,3
25017374800,25,017,374800,82.9,1.1979,3
25017382100,25,017,382100,82.2,1.1892,3
25017382200,25,017,382200,84.1,1.8658,3
25017382300,25,017,382300,79.8,1.0986,3
25017382400,25,017,382400,81.7,1.6018,3
25017382500,25,017,382500,81.8,1.6219,3
25017382601,25,017,382601,81.7,2.367,3
25017382602,25,017,382602,82.3,1.0624,3
25017383101,25,017,383101,77.1,1.707,2
25017383102,25,017,383102,78.6,2.5084,1
25017383200,25,017,383200,80.5,1.6916,3
25017383300,25,017,383300,77.5,1.3557,3
25017383400,25,017,383400,80.8,2.5793,3
25017383501,25,017,383501,79.9,1.8476,3
25017383502,25,017,383502,81.2,1.3816,3
25017383600,25,017,383600,80.8,1.2214,3
25017383700,25,017,383700,85.1,2.5584,3
25017383800,25,017,383800,83.6,1.9911,3
25017383901,25,017,383901,82,0.9568,3
25017383902,25,017,383902,85.8,1.9246,3
25017384001,25,017,384001,81.2,1.6881,2
25017384002,25,017,384002,81.1,1.3872,2
25017385100,25,017,385100,84.2,1.9373,3
25017385201,25,017,385201,84.9,3.4691,3
25017385202,25,017,385202,82.9,1.664,3
25017386100,25,017,386100,89.3,2.6754,3
25017387100,25,017,387100,81.8,1.5463,3
25017387201,25,017,387201,83.8,2.5633,3
25017387202,25,017,387202,83.6,2.3209,3
25017388100,25,017,388100,86.5,2.3565,3
25017388200,25,017,388200,81.2,1.8129,3
25017388300,25,017,388300,77.4,1.0833,2
25019950100,25,019,950100,83.2,2.4836,3
25019950200,25,019,950200,81,1.7167,3
25019950400,25,019,950400,81.6,1.9169,2
25019950500,25,019,950500,81.6,1.1569,2
25021400100,25,021,400100,81.3,1.4853,2
25021400200,25,021,400200,81.5,1.5762,2
25021400300,25,021,400300,84.6,2.2014,3
25021400400,25,021,400400,81.5,0.8121,2
25021400500,25,021,400500,81.5,1.2337,2
25021400600,25,021,400600,81.5,1.0568,2
25021400700,25,021,400700,83.4,1.8643,3
25021400800,25,021,400800,81.5,0.9389,2
25021400900,25,021,400900,83.7,2.1018,3
25021401000,25,021,401000,84.4,2.1094,3
25021401100,25,021,401100,83.2,1.4536,3
25021401200,25,021,401200,82.2,0.8876,3
25021402101,25,021,402101,81.1,1.2166,3
25021402102,25,021,402102,76.8,1.2768,3
25021402200,25,021,402200,79.7,2.0309,3
25021402300,25,021,402300,80,1.2098,3
25021402400,25,021,402400,81.8,1.3872,3
25021402500,25,021,402500,81.7,1.0511,3
25021403100,25,021,403100,86,1.8938,3
25021403300,25,021,403300,83.7,1.4909,3
25021403400,25,021,403400,86.5,1.4898,3
25021403500,25,021,403500,83.3,1.3018,3
25021404100,25,021,404100,88.7,2.8276,3
25021404201,25,021,404201,87.1,2.3546,3
25021404202,25,021,404202,83.6,1.2213,3
25021404301,25,021,404301,85,1.6694,3
25021404302,25,021,404302,82.3,1.3129,3
25021404400,25,021,404400,87.1,1.8228,3
25021405100,25,021,405100,88.3,2.386,3
25021406101,25,021,406101,86.1,2.3458,3
25021406102,25,021,406102,82,1.4158,2
25021407100,25,021,407100,80.7,1.2438,3
25021408101,25,021,408101,82.6,2.0996,3
25021408102,25,021,408102,78.8,1.7143,3
25021409101,25,021,409101,82.9,1.6999,3
25021409102,25,021,409102,81.5,1.7811,3
25021410100,25,021,410100,81.3,1.3639,2
25021410300,25,021,410300,85.4,2.5533,3
25021410400,25,021,410400,80.8,1.2936,3
25021411100,25,021,411100,82.6,1.384,3
25021411200,25,021,411200,83.9,1.6032,3
25021411301,25,021,411301,83.7,1.2825,3
25021411302,25,021,411302,81.3,1.2646,2
25021412100,25,021,412100,85.6,1.9021,3
25021412300,25,021,412300,81.9,1.2848,3
25021413100,25,021,413100,82,1.1766,3
25021413200,25,021,413200,79.3,1.1535,3
25021413300,25,021,413300,81,1.2478,3
25021413401,25,021,413401,79.5,1.5956,3
25021413402,25,021,413402,79.3,1.2251,3
25021413500,25,021,413500,78.5,1.279,3
25021414100,25,021,414100,83.7,1.9838,3
25021414200,25,021,414200,84.3,2.202,3
25021414300,25,021,414300,81.5,1.3801,3
25021415101,25,021,415101,81.7,1.2328,3
25021415102,25,021,415102,79.7,1.3835,3
25021415200,25,021,415200,80.4,0.9663,3
25021415300,25,021,415300,83.1,1.7076,3
25021416101,25,021,416101,82,1.2673,3
25021416102,25,021,416102,81.1,1.2735,3
25021416200,25,021,416200,81.2,1.503,3
25021416300,25,021,416300,85.8,2.4705,3
25021416400,25,021,416400,83.4,1.7384,3
25021417100,25,021,417100,82,1.5316,3
25021417200,25,021,417200,80.7,0.8704,3
25021417300,25,021,417300,80.4,1.2369,3
25021417400,25,021,417400,78,1.6806,3
25021417501,25,021,417501,81.3,1.9313,3
25021417502,25,021,417502,80.4,2.5153,3
25021417601,25,021,417601,77.4,1.1893,3
25021417602,25,021,417602,78.6,1.6224,3
25021417701,25,021,417701,76.2,1.5764,3
25021417702,25,021,417702,84.3,3.1814,3
25021417801,25,021,417801,76.3,1.1819,3
25021417802,25,021,417802,78.6,2.1419,3
25021417901,25,021,417901,78.5,1.42,3
25021417902,25,021,417902,80.2,1.7789,3
25021418002,25,021,418002,76.5,0.9251,3
25021418003,25,021,418003,83.8,3.656,3
25021418004,25,021,418004,78.6,1.7907,3
25021418101,25,021,418101,77.3,1.334,3
25021418102,25,021,418102,81.1,3.5068,3
25021418200,25,021,418200,81.1,2.0044,3
25021419100,25,021,419100,81.5,1.5232,3
25021419200,25,021,419200,81.4,1.3783,3
25021419300,25,021,419300,81.7,2.1276,3
25021419400,25,021,419400,80.9,2.3766,3
25021419500,25,021,419500,79.7,1.4064,3
25021419600,25,021,419600,81.5,1.5417,3
25021419700,25,021,419700,81.8,1.5403,3
25021419800,25,021,419800,76.4,1.1069,3
25021420100,25,021,420100,83.2,2.0331,3
25021420201,25,021,420201,83.5,2.1032,3
25021420202,25,021,420202,86.7,3.3619,3
25021420302,25,021,420302,81,1.3229,3
25021421100,25,021,421100,75.6,1.4147,3
25021421200,25,021,421200,79.4,1.6708,3
25021422100,25,021,422100,81.2,1.804,3
25021422200,25,021,422200,81.8,1.6275,3
25021422301,25,021,422301,81.4,2.4272,3
25021422302,25,021,422302,78,1.0181,3
25021422400,25,021,422400,77.7,0.9884,3
25021422501,25,021,422501,80.5,2.0639,3
25021422502,25,021,422502,80,2.0215,3
25021422600,25,021,422600,80.9,1.2463,3
25021422700,25,021,422700,77.9,2.4882,3
25021422800,25,021,422800,80,1.2864,3
25021423100,25,021,423100,81.3,0.9392,3
25021440100,25,021,440100,80.7,1.6562,3
25021441202,25,021,441202,84.4,1.9509,3
25021441203,25,021,441203,78.9,1.3761,3
25021441204,25,021,441204,74.8,1.1267,3
25021442101,25,021,442101,82.6,1.2972,3
25021442102,25,021,442102,85.4,2.2778,3
25021442103,25,021,442103,84.1,2.4334,3
25021442201,25,021,442201,78.3,1.4848,3
25021442202,25,021,442202,83.6,1.9886,3
25021443101,25,021,443101,81.2,1.6696,3
25021443102,25,021,443102,81.1,1.9136,3
25021456101,25,021,456101,80.6,1.5328,3
25021456102,25,021,456102,78.4,1.459,3
25021456200,25,021,456200,78.4,1.5754,3
25021456301,25,021,456301,76.5,2.1289,3
25021456302,25,021,456302,82.2,2.0042,3
25021456401,25,021,456401,79,1.7655,3
25021456402,25,021,456402,85.4,2.864,3
25021457100,25,021,457100,79.5,1.3979,3
25021457200,25,021,457200,84.3,1.3672,3
25023500101,25,023,500101,84.5,2.0257,3
25023500103,25,023,500103,83.4,1.6336,3
25023500104,25,023,500104,81.5,1.8272,3
25023501101,25,023,501101,83.1,2.0009,3
25023501102,25,023,501102,82.5,1.0132,3
25023501201,25,023,501201,84.5,1.7885,3
25023501202,25,023,501202,84.2,1.1407,3
25023502101,25,023,502101,76.5,1.0625,3
25023502102,25,023,502102,78.3,2.0973,3
25023502200,25,023,502200,78.6,1.0455,3
25023503101,25,023,503101,80.5,1.4662,3
25023503102,25,023,503102,82.2,1.6989,3
25023504101,25,023,504101,81.8,1.3322,3
25023504102,25,023,504102,80.9,0.9943,3
25023505101,25,023,505101,79.4,1.324,3
25023505102,25,023,505102,82.6,1.8771,3
25023505200,25,023,505200,85.1,1.8398,3
25023506101,25,023,506101,80.7,1.1039,3
25023506102,25,023,506102,82,1.5318,2
25023506202,25,023,506202,84,2.3267,3
25023506204,25,023,506204,79,1.4923,3
25023507101,25,023,507101,81.8,0.9354,3
25023507103,25,023,507103,85.7,2.3348,3
25023507104,25,023,507104,82.4,1.8878,3
25023508102,25,023,508102,77.5,1.4791,3
25023508200,25,023,508200,80,1.4408,3
25023509101,25,023,509101,77.1,2.2344,3
25023509102,25,023,509102,87,2.8725,3
25023510100,25,023,510100,77.7,1.447,3
25023510200,25,023,510200,80.9,2.6681,3
25023510300,25,023,510300,80.3,3.4149,3
25023510400,25,023,510400,74.6,2.0185,3
25023510501,25,023,510501,76.7,1.0397,2
25023510502,25,023,510502,76.5,1.076,2
25023510503,25,023,510503,76.8,1.2776,3
25023510600,25,023,510600,81.2,1.6693,3
25023510700,25,023,510700,81.6,2.7642,3
25023510800,25,023,510800,75.8,2.256,3
25023510900,25,023,510900,70.8,2.4797,3
25023511000,25,023,511000,76.1,1.8014,3
25023511100,25,023,511100,79,1.696,3
25023511200,25,023,511200,74.8,1.534,3
25023511301,25,023,511301,77.8,1.6537,3
25023511302,25,023,511302,77.1,1.7736,3
25023511400,25,023,511400,79.1,2.9368,3
25023511500,25,023,511500,79,1.8307,3
25023511600,25,023,511600,78.6,2.2208,3
25023511701,25,023,511701,81.7,1.9249,3
25023511702,25,023,511702,79.7,1.6827,3
25023520100,25,023,520100,76.7,0.9832,3
25023520201,25,023,520201,81.8,2.1307,3
25023520202,25,023,520202,80.6,2.094,3
25023521101,25,023,521101,82.2,2.4668,3
25023521102,25,023,521102,77.2,1.8908,3
25023521201,25,023,521201,78.5,3.0289,3
25023521202,25,023,521202,78.7,1.8705,3
25023522101,25,023,522101,79.1,1.3244,3
25023522102,25,023,522102,77.1,0.9569,3
25023523100,25,023,523100,79.7,2.5065,3
25023523201,25,023,523201,79.4,2.0868,3
25023523202,25,023,523202,80,1.3628,3
25023524101,25,023,524101,81.1,1.6973,3
25023524102,25,023,524102,77.3,1.2581,3
25023525101,25,023,525101,77.7,1.7685,3
25023525104,25,023,525104,83.8,2.7418,3
25023525203,25,023,525203,82.4,2.2315,3
25023525204,25,023,525204,82.5,2.6551,3
25023526100,25,023,526100,77.9,1.0733,3
25023530100,25,023,530100,83.4,2.2855,3
25023530200,25,023,530200,81.9,1.7997,3
25023530300,25,023,530300,77.7,1.5157,3
25023530400,25,023,530400,79.9,1.2349,3
25023530500,25,023,530500,76.2,1.0265,3
25023530600,25,023,530600,86.1,3.0627,3
25023530700,25,023,530700,83.1,1.9774,3
25023530802,25,023,530802,80.8,2.0436,3
25023530902,25,023,530902,80.6,1.614,3
25023540101,25,023,540101,80.9,1.5487,3
25023540102,25,023,540102,78.1,1.6727,3
25023540103,25,023,540103,81.5,1.9099,3
25023541100,25,023,541100,87.1,2.4869,3
25023542101,25,023,542101,77.9,1.2787,3
25023542102,25,023,542102,77,1.3821,3
25023542200,25,023,542200,81.7,1.9298,3
25023542300,25,023,542300,77.5,1.2323,3
25023543100,25,023,543100,80.5,1.5618,3
25023544100,25,023,544100,77.7,1.4065,3
25023544200,25,023,544200,80.6,1.8158,3
25023545100,25,023,545100,78,1.2079,3
25023545200,25,023,545200,73.2,1.3875,3
25023545400,25,023,545400,75.5,1.1932,1
25023560100,25,023,560100,80.2,2.2271,3
25023561100,25,023,561100,82.4,1.565,3
25025000100,25,025,000100,79.1,1.5063,3
25025000202,25,025,000202,82.4,1.4902,3
25025000301,25,025,000301,75.3,1.9619,3
25025000302,25,025,000302,83.9,2.4654,3
25025000401,25,025,000401,85.1,1.757,3
25025000402,25,025,000402,87,3.515,3
25025000502,25,025,000502,88.1,3.4934,3
25025000601,25,025,000601,79.4,2.2308,3
25025000602,25,025,000602,79,1.4292,2
25025000802,25,025,000802,80.2,1.8691,2
25025010203,25,025,010203,79.2,3.8792,3
25025010500,25,025,010500,80.1,2.4994,3
25025010600,25,025,010600,87.7,2.5413,3
25025010701,25,025,010701,81.5,2.4025,2
25025010702,25,025,010702,81.5,3.0899,2
25025010801,25,025,010801,81.5,1.3993,2
25025010802,25,025,010802,81.5,1.4441,2
25025020101,25,025,020101,82.3,2.3028,2
25025020200,25,025,020200,81.5,2.4105,2
25025020301,25,025,020301,82.6,2.1676,3
25025020302,25,025,020302,81.5,3.1709,2
25025020303,25,025,020303,81.3,1.7894,2
25025030100,25,025,030100,81.5,1.5052,2
25025030200,25,025,030200,81.4,1.9021,2
25025030300,25,025,030300,82.4,1.9241,3
25025030500,25,025,030500,82.3,1.6333,2
25025040100,25,025,040100,82.2,2.4059,3
25025040200,25,025,040200,76,2.0938,3
25025040300,25,025,040300,78.2,1.413,3
25025040401,25,025,040401,81.5,1.6872,2
25025040600,25,025,040600,75.8,1.4279,3
25025040801,25,025,040801,79.9,3.1466,3
25025050101,25,025,050101,77.7,1.4451,2
25025050200,25,025,050200,80.2,2.0054,3
25025050300,25,025,050300,76.3,1.5794,2
25025050400,25,025,050400,77.9,1.6997,3
25025050500,25,025,050500,82.3,3.5966,3
25025050600,25,025,050600,76.1,2.4985,3
25025050700,25,025,050700,82.2,2.1728,3
25025050901,25,025,050901,78.2,1.6336,3
25025051000,25,025,051000,80.2,1.8295,3
25025051101,25,025,051101,81.1,1.5244,3
25025051200,25,025,051200,80.5,2.8375,3
25025060101,25,025,060101,76.7,1.631,3
25025060200,25,025,060200,79.1,2.1854,3
25025060301,25,025,060301,79.8,2.5953,3
25025060400,25,025,060400,76.7,1.2852,3
25025060501,25,025,060501,76.3,1.7,3
25025060600,25,025,060600,79.9,3.4631,3
25025060700,25,025,060700,75.6,3.2517,2
25025060800,25,025,060800,77.4,2.4773,3
25025061000,25,025,061000,78,2.2869,2
25025061101,25,025,061101,76.7,3.7992,3
25025061200,25,025,061200,80.1,3.5572,3
25025070101,25,025,070101,83.1,2.1075,3
25025070200,25,025,070200,87.9,3.1206,3
25025070300,25,025,070300,86.2,3.8418,3
25025070402,25,025,070402,85,2.6878,3
25025070500,25,025,070500,82.6,1.7296,2
25025070700,25,025,070700,81.3,2.8921,2
25025070800,25,025,070800,81.3,2.66,2
25025070900,25,025,070900,79.3,3.6483,3
25025071101,25,025,071101,77.4,3.1912,3
25025071201,25,025,071201,74,2.7448,3
25025080100,25,025,080100,80.2,3.6713,3
25025080300,25,025,080300,76.9,1.9752,2
25025080401,25,025,080401,78,3.5855,3
25025080601,25,025,080601,75.1,1.6994,2
25025081100,25,025,081100,76,1.5892,3
25025081200,25,025,081200,78,1.9395,2
25025081300,25,025,081300,77.6,3.0355,3
25025081400,25,025,081400,78.4,2.8643,3
25025081500,25,025,081500,76.1,2.3609,3
25025081700,25,025,081700,73.2,1.6023,3
25025081800,25,025,081800,76.9,1.5814,2
25025081900,25,025,081900,79.5,2.8727,3
25025082000,25,025,082000,79,3.1887,3
25025082100,25,025,082100,76.9,1.6952,2
25025090100,25,025,090100,80.1,2.338,1
25025090200,25,025,090200,75.6,1.7027,2
25025090300,25,025,090300,75.6,1.6527,2
25025090400,25,025,090400,78.5,3.407,3
25025090600,25,025,090600,77.6,2.367,3
25025090700,25,025,090700,76.5,1.7876,3
25025090901,25,025,090901,80,3.7851,3
25025091001,25,025,091001,76.6,1.5513,3
25025091100,25,025,091100,82.7,2.727,3
25025091200,25,025,091200,78.4,2.0547,3
25025091300,25,025,091300,76.9,2.3503,2
25025091400,25,025,091400,80.1,3.0825,3
25025091500,25,025,091500,76.9,1.4617,2
25025091600,25,025,091600,73.8,1.5879,2
25025091700,25,025,091700,77.2,1.5788,2
25025091800,25,025,091800,75.6,1.534,2
25025091900,25,025,091900,76.7,2.3393,3
25025092000,25,025,092000,77.2,1.2629,2
25025092101,25,025,092101,80.1,2.1636,3
25025092200,25,025,092200,79.8,2.1063,2
25025092300,25,025,092300,81.6,3.9554,3
25025092400,25,025,092400,75.6,1.6077,2
25025100100,25,025,100100,83.8,3.8422,3
25025100200,25,025,100200,74.8,2.1754,3
25025100300,25,025,100300,79.9,2.666,3
25025100400,25,025,100400,79.7,2.4454,3
25025100500,25,025,100500,80.3,3.7315,3
25025100601,25,025,100601,81.9,2.8936,3
25025100603,25,025,100603,76.5,2.0768,3
25025100700,25,025,100700,77.1,1.1075,3
25025100800,25,025,100800,79.8,1.2723,2
25025100900,25,025,100900,77.9,1.4148,3
25025101001,25,025,101001,78.2,1.5736,3
25025101002,25,025,101002,76.5,2.6231,3
25025101101,25,025,101101,82,2.2191,3
25025101102,25,025,101102,77.4,1.8677,3
25025110103,25,025,110103,82.8,3.2731,3
25025110201,25,025,110201,77.5,1.7199,3
25025110301,25,025,110301,80.1,2.207,3
25025110401,25,025,110401,83.4,2.3912,3
25025110403,25,025,110403,79.3,1.867,3
25025110501,25,025,110501,84,3.025,3
25025110502,25,025,110502,78.2,1.1135,3
25025110601,25,025,110601,87.3,1.888,3
25025110607,25,025,110607,78.8,1.0444,3
25025120103,25,025,120103,81.5,3.0092,3
25025120105,25,025,120105,80.9,1.9099,3
25025120201,25,025,120201,80.9,1.691,2
25025120301,25,025,120301,79.5,1.6751,3
25025120400,25,025,120400,85.4,2.8579,3
25025120500,25,025,120500,83.2,3.149,3
25025120600,25,025,120600,81.7,2.9715,2
25025120700,25,025,120700,84.4,2.1805,3
25025130100,25,025,130100,84.2,2.0341,3
25025130200,25,025,130200,83.7,1.3624,3
25025130300,25,025,130300,81.9,1.3553,3
25025130402,25,025,130402,79.5,1.5169,3
25025130404,25,025,130404,82.2,1.569,3
25025130406,25,025,130406,79.9,1.9925,3
25025140102,25,025,140102,78.7,0.9896,2
25025140105,25,025,140105,78.2,1.4907,3
25025140106,25,025,140106,79.3,2.5433,2
25025140107,25,025,140107,77.3,1.0858,3
25025140201,25,025,140201,78.5,1.8904,3
25025140202,25,025,140202,82.3,1.5605,3
25025140300,25,025,140300,81.1,3.201,3
25025140400,25,025,140400,80.4,1.4931,1
25025160101,25,025,160101,80.4,2.3954,3
25025160200,25,025,160200,80.6,3.6631,3
25025160300,25,025,160300,75.8,1.5248,3
25025160400,25,025,160400,76.3,1.8409,2
25025160501,25,025,160501,77,1.8772,3
25025160502,25,025,160502,74.5,1.8782,3
25025160601,25,025,160601,76.7,1.328,3
25025160602,25,025,160602,78.5,1.389,3
25025170100,25,025,170100,80.8,1.258,3
25025170200,25,025,170200,81.3,1.7402,3
25025170300,25,025,170300,79.2,0.8103,2
25025170400,25,025,170400,78.8,1.2116,2
25025170501,25,025,170501,79.8,1.4273,2
25025170502,25,025,170502,80.9,1.6652,3
25025170601,25,025,170601,81.1,1.2053,3
25025170701,25,025,170701,77.3,1.9607,3
25025170702,25,025,170702,78.8,1.6796,3
25025180101,25,025,180101,77.6,1.0244,3
25025180200,25,025,180200,78.9,1.2138,3
25025180301,25,025,180301,80.5,1.2306,3
25025180400,25,025,180400,79.2,1.4828,3
25025180500,25,025,180500,77.3,1.5239,3
25027701100,25,027,701100,79.7,1.319,3
25027702200,25,027,702200,79.4,1.48,3
25027703100,25,027,703100,73.7,1.4293,3
25027703200,25,027,703200,78.5,1.3108,3
25027703300,25,027,703300,80,1.595,3
25027704200,25,027,704200,79.1,1.783,3
25027705100,25,027,705100,80.7,1.5295,3
25027706100,25,027,706100,80.6,2.4264,1
25027707100,25,027,707100,78.7,1.4762,3
25027707200,25,027,707200,74.6,1.9766,3
25027707300,25,027,707300,75.8,1.6328,3
25027707400,25,027,707400,78.1,2.721,3
25027707500,25,027,707500,79.1,1.0812,3
25027708100,25,027,708100,79.8,1.7349,3
25027709100,25,027,709100,80.7,1.6899,3
25027709201,25,027,709201,84.2,2.0951,3
25027709202,25,027,709202,81.9,1.576,3
25027709400,25,027,709400,74.6,1.7498,3
25027709501,25,027,709501,81.4,1.3249,2
25027709502,25,027,709502,80.1,1.3493,3
25027709600,25,027,709600,76.8,2.4936,3
25027709701,25,027,709701,78.4,1.3059,3
25027709702,25,027,709702,81.2,3.3006,3
25027710100,25,027,710100,74.4,1.3707,3
25027710200,25,027,710200,82,1.3693,3
25027710300,25,027,710300,75.4,1.4185,3
25027710400,25,027,710400,80.5,2.1778,3
25027710500,25,027,710500,78.1,1.8221,3
25027710600,25,027,710600,78.6,1.997,1
25027710800,25,027,710800,77.1,1.1739,2
25027711000,25,027,711000,77.1,2.0382,3
25027711100,25,027,711100,81.6,1.2907,3
25027712101,25,027,712101,83.4,2.0251,3
25027712102,25,027,712102,85.5,2.5593,3
25027713100,25,027,713100,82.2,1.1091,3
25027715100,25,027,715100,82.5,1.5365,3
25027716100,25,027,716100,79.8,1.2241,3
25027716200,25,027,716200,74,1.6791,3
25027716300,25,027,716300,79,1.8912,3
25027717100,25,027,717100,82.9,2.0059,3
25027718100,25,027,718100,89.2,3.3891,3
25027719100,25,027,719100,82.1,1.317,3
25027720100,25,027,720100,80.3,1.5389,3
25027721101,25,027,721101,82.2,2.4993,3
25027721102,25,027,721102,82.4,2.1996,3
25027722100,25,027,722100,84.4,2.4614,3
25027723100,25,027,723100,82,1.3942,3
25027724100,25,027,724100,80.4,1.5218,3
25027725100,25,027,725100,80.5,1.446,3
25027726100,25,027,726100,78.7,1.4484,3
25027726200,25,027,726200,78.4,1.4886,3
25027727100,25,027,727100,83.3,1.7843,3
25027728100,25,027,728100,80.7,1.1902,3
25027728200,25,027,728200,81,1.4145,3
25027728300,25,027,728300,80.4,1.4552,3
25027728400,25,027,728400,84,2.2496,3
25027729100,25,027,729100,80.2,0.713,2
25027729200,25,027,729200,80.9,1.8303,3
25027730100,25,027,730100,79.2,1.5708,3
25027730200,25,027,730200,80,1.6434,3
25027730300,25,027,730300,79.9,1.2642,3
25027730401,25,027,730401,78.7,1.3808,3
25027730402,25,027,730402,79.8,3.7915,2
25027730500,25,027,730500,77.1,1.795,3
25027730600,25,027,730600,84,1.2772,3
25027730700,25,027,730700,80.4,1.3228,1
25027730801,25,027,730801,81.3,1.1522,2
25027730802,25,027,730802,82.3,2.1272,3
25027730901,25,027,730901,79.3,1.2286,3
25027730902,25,027,730902,80.1,1.1297,2
25027731001,25,027,731001,76.8,1.5231,3
25027731002,25,027,731002,77.3,1.7301,3
25027731101,25,027,731101,80.8,2.0508,3
25027731102,25,027,731102,82.5,2.6674,3
25027731203,25,027,731203,81.9,3.1278,3
25027731204,25,027,731204,74.1,2.7944,3
25027731300,25,027,731300,77.4,1.8262,2
25027731400,25,027,731400,74.4,1.6699,3
25027731500,25,027,731500,76.3,1.2593,2
25027731600,25,027,731600,79,1.3694,2
25027731700,25,027,731700,77.9,1.4344,2
25027731800,25,027,731800,81.4,2.9167,3
25027731900,25,027,731900,78.9,3.762,3
25027732002,25,027,732002,73.9,1.1439,3
25027732201,25,027,732201,78,1.8537,3
25027732202,25,027,732202,78.7,1.564,3
25027732203,25,027,732203,74.9,1.6495,3
25027732301,25,027,732301,79.1,1.3196,3
25027732302,25,027,732302,81,3.0236,3
25027732400,25,027,732400,71.6,1.3834,3
25027732500,25,027,732500,72.9,2.2211,3
25027732600,25,027,732600,80.4,2.9521,3
25027732700,25,027,732700,75.2,1.6768,3
25027732801,25,027,732801,80.5,1.29,2
25027732802,25,027,732802,79.2,1.6713,3
25027732901,25,027,732901,78.9,1.1041,2
25027733000,25,027,733000,74.9,2.2025,3
25027733101,25,027,733101,77,1.2571,3
25027733102,25,027,733102,77.6,1.486,3
25027735100,25,027,735100,82,1.6019,3
25027735200,25,027,735200,78.9,1.299,3
25027736100,25,027,736100,80.8,1.5137,3
25027736200,25,027,736200,79.8,1.5455,3
25027736300,25,027,736300,80.6,1.3917,3
25027736400,25,027,736400,79.2,1.4991,3
25027736500,25,027,736500,80.4,1.3367,3
25027737100,25,027,737100,79.7,1.6383,3
25027737200,25,027,737200,75,2.2531,3
25027737300,25,027,737300,78.8,1.0721,3
25027738100,25,027,738100,81,1.7731,3
25027738201,25,027,738201,77.8,1.3442,3
25027738202,25,027,738202,82.8,2.1902,3
25027739100,25,027,739100,81.8,1.1735,3
25027739200,25,027,739200,81.2,1.3466,3
25027739300,25,027,739300,84.5,1.9876,3
25027739400,25,027,739400,82.7,0.9999,3
25027739500,25,027,739500,85.2,2.0811,3
25027740101,25,027,740101,80.8,1.0764,3
25027740200,25,027,740200,81.1,2.2214,3
25027741101,25,027,741101,85.4,2.1172,3
25027741102,25,027,741102,86,2.838,3
25027742300,25,027,742300,79.3,1.1571,3
25027742401,25,027,742401,82,1.6474,3
25027742402,25,027,742402,79.4,1.4966,3
25027743100,25,027,743100,81.5,1.3122,3
25027744101,25,027,744101,81.8,1.3331,3
25027744102,25,027,744102,80.8,1.106,3
25027744200,25,027,744200,79.1,1.2744,3
25027744300,25,027,744300,78.4,1.3432,3
25027744400,25,027,744400,80.6,1.5284,3
25027745100,25,027,745100,83.5,1.8947,3
25027746100,25,027,746100,81.1,1.6226,3
25027747101,25,027,747101,81.9,1.8568,3
25027747102,25,027,747102,76,1.4254,3
25027748100,25,027,748100,83.6,2.9837,3
25027749100,25,027,749100,79.1,1.212,3
25027749200,25,027,749200,81.7,1.8012,3
25027750100,25,027,750100,78.4,1.3059,3
25027750200,25,027,750200,80.4,1.0678,3
25027750300,25,027,750300,78.1,1.5623,3
25027751101,25,027,751101,82.1,2.6798,3
25027751102,25,027,751102,84.4,3.3532,3
25027752100,25,027,752100,77.1,2.4741,3
25027753100,25,027,753100,80.6,2.0226,3
25027753200,25,027,753200,76.7,1.2157,3
25027754100,25,027,754100,78.5,1.446,3
25027754200,25,027,754200,76.4,1.585,3
25027754300,25,027,754300,73.9,1.7499,3
25027754400,25,027,754400,77.6,1.2819,3
25027755100,25,027,755100,75.4,1.1245,3
25027755200,25,027,755200,81.1,1.7761,1
25027756101,25,027,756101,79.2,1.3972,3
25027756102,25,027,756102,81.6,1.6726,3
25027757100,25,027,757100,81,1.7993,3
25027757200,25,027,757200,74.4,1.8926,3
25027757300,25,027,757300,80.2,3.1858,3
25027757400,25,027,757400,79.8,1.8716,3
25027757500,25,027,757500,79.4,1.1831,3
25027758101,25,027,758101,77.9,2.4933,3
25027758102,25,027,758102,82.6,1.8426,3
25027759100,25,027,759100,84.4,2.9369,3
25027760100,25,027,760100,79.9,1.6782,3
25027761100,25,027,761100,78.2,1.3171,2
25027761200,25,027,761200,80.8,1.1444,3
25027761300,25,027,761300,81.9,1.4354,3
25027761400,25,027,761400,81.9,1.3855,3

